{
    "algorithm": "kde",
    "runtime": 2.406825304031372,
    "healthy_ratio": 0.25,
    "max_log_likelihood": -6511.319819211982,
    "kendalls_tau": 0.4666666666666667,
    "mean_absolute_error": 1.545
}