{
    "HIP-FCI": {
      "order": 1,
      "theta_mean": -5,
      "theta_std": 6.666666666666667,
      "phi_mean": 5,
      "phi_std": 1.6666666666666667
    },
    "PCC-FCI": {
      "order": 2,
      "theta_mean": 5,
      "theta_std": 3.3333333333333335,
      "phi_mean": 12,
      "phi_std": 4.0
    },
    "AB": {
      "order": 3,
      "theta_mean": 150,
      "theta_std": 16.666666666666668,
      "phi_mean": 250,
      "phi_std": 50.0
    },
    "P-Tau": {
      "order": 4,
      "theta_mean": -50,
      "theta_std": 33.333333333333336,
      "phi_mean": -25,
      "phi_std": 16.666666666666668
    },
    "MMSE": {
      "order": 5,
      "theta_mean": 22,
      "theta_std": 2.6666666666666665,
      "phi_mean": 28,
      "phi_std": 0.6666666666666666
    },
    "ADAS": {
      "order": 6,
      "theta_mean": -20,
      "theta_std": 4.0,
      "phi_mean": -6,
      "phi_std": 1.3333333333333333
    },
    "HIP-GMI": {
      "order": 7,
      "theta_mean": 0.3,
      "theta_std": 0.3333333333333333,
      "phi_mean": 0.4,
      "phi_std": 0.2333333333333333
    },
    "AVLT-Sum": {
      "order": 8,
      "theta_mean": 20,
      "theta_std": 6.666666666666667,
      "phi_mean": 40,
      "phi_std": 15.0
    },
    "FUS-GMI": {
      "order": 9,
      "theta_mean": 0.5,
      "theta_std": 0.06666666666666667,
      "phi_mean": 0.6,
      "phi_std": 0.06666666666666667
    },
    "FUS-FCI": {
      "order": 10,
      "theta_mean": -20,
      "theta_std": 6.0,
      "phi_mean": -10,
      "phi_std": 3.3333333333333335
    }
  }
  