{
    "most_likely_order": {
        "HIP-FCI (1)": 9,
        "PCC-FCI (2)": 2,
        "AB (3)": 6,
        "P-Tau (4)": 5,
        "MMSE (5)": 3,
        "ADAS (6)": 10,
        "HIP-GMI (7)": 8,
        "AVLT-Sum (8)": 7,
        "FUS-GMI (9)": 1,
        "FUS-FCI (10)": 4
    },
    "kendalls_tau": -0.15555555555555553,
    "p_value": 0.6006536596119929
}