{
    "most_likely_order": {
        "HIP-FCI (1)": 8,
        "PCC-FCI (2)": 6,
        "AB (3)": 2,
        "P-Tau (4)": 1,
        "MMSE (5)": 5,
        "ADAS (6)": 9,
        "HIP-GMI (7)": 10,
        "AVLT-Sum (8)": 3,
        "FUS-GMI (9)": 4,
        "FUS-FCI (10)": 7
    },
    "kendalls_tau": 0.06666666666666667,
    "p_value": 0.8618005952380953
}