{
    "most_likely_order": {
        "HIP-FCI (1)": 2,
        "PCC-FCI (2)": 6,
        "AB (3)": 5,
        "P-Tau (4)": 4,
        "MMSE (5)": 1,
        "ADAS (6)": 10,
        "HIP-GMI (7)": 3,
        "AVLT-Sum (8)": 7,
        "FUS-GMI (9)": 8,
        "FUS-FCI (10)": 9
    },
    "kendalls_tau": 0.37777777777777777,
    "p_value": 0.1557418430335097
}