{
    "most_likely_order": {
        "HIP-FCI (1)": 6,
        "PCC-FCI (2)": 2,
        "AB (3)": 10,
        "P-Tau (4)": 3,
        "MMSE (5)": 7,
        "ADAS (6)": 4,
        "HIP-GMI (7)": 5,
        "AVLT-Sum (8)": 1,
        "FUS-GMI (9)": 8,
        "FUS-FCI (10)": 9
    },
    "kendalls_tau": 0.15555555555555553,
    "p_value": 0.6006536596119929
}