{
    "most_likely_order": {
        "HIP-FCI (1)": 8,
        "PCC-FCI (2)": 3,
        "AB (3)": 7,
        "P-Tau (4)": 6,
        "MMSE (5)": 9,
        "ADAS (6)": 10,
        "HIP-GMI (7)": 1,
        "AVLT-Sum (8)": 4,
        "FUS-GMI (9)": 2,
        "FUS-FCI (10)": 5
    },
    "kendalls_tau": -0.19999999999999998,
    "p_value": 0.4843127204585538
}