{
    "most_likely_order": {
        "HIP-FCI (1)": 1,
        "PCC-FCI (2)": 3,
        "AB (3)": 4,
        "P-Tau (4)": 5,
        "MMSE (5)": 6,
        "ADAS (6)": 7,
        "HIP-GMI (7)": 8,
        "AVLT-Sum (8)": 10,
        "FUS-GMI (9)": 2,
        "FUS-FCI (10)": 9
    },
    "kendalls_tau": 0.6444444444444444,
    "p_value": 0.009148478835978836
}